doctor_id,department,branch_id,appointments,first_name,last_name,workload_score
DOC0001,Dental,BR010,52,Abeer,Shah,32.5
DOC0002,General Medicine,BR007,59,Sneha,Lalla,36.88
DOC0003,Dermatology,BR010,52,Tristan,Mukherjee,32.5
DOC0004,General Medicine,BR010,51,Parth,Deep,31.87
DOC0005,General Medicine,BR005,65,Jeremiah,Andra,40.62
DOC0006,Orthopedics,BR001,43,Radha,Kunda,26.88
DOC0007,Cardiology,BR004,59,Balhaar,Deshpande,36.88
DOC0008,Dermatology,BR009,48,Falguni,Koshy,30.0
DOC0009,Pediatrics,BR008,54,Divya,Sathe,33.75
DOC0010,Psychiatry,BR010,135,Reva,Chatterjee,84.38
DOC0011,Dental,BR007,56,Triya,Kapoor,35.0
DOC0012,Dermatology,BR003,74,Urvi,Joshi,46.25
DOC0013,Ophthalmology,BR009,67,Akshay,Bhakta,41.88
DOC0014,General Medicine,BR002,50,Timothy,Ram,31.25
DOC0015,General Medicine,BR004,57,Hemangini,Murthy,35.62
DOC0016,General Medicine,BR002,69,Gautami,Yadav,43.12
DOC0017,Dermatology,BR004,65,Anika,Manne,40.62
DOC0018,Gynecology,BR001,73,Arin,Chopra,45.62
DOC0019,ENT,BR010,39,Lakshmi,Bumb,24.38
DOC0020,General Medicine,BR006,74,Viraj,Jayaraman,46.25
DOC0021,Orthopedics,BR008,43,Indali,Ram,26.88
DOC0022,Pediatrics,BR008,71,Agastya,Soman,44.38
DOC0023,Oncology,BR001,59,Upasna,Sarma,36.88
DOC0024,ENT,BR007,54,Gabriel,Ray,33.75
DOC0025,Oncology,BR003,58,Upkaar,Bora,36.25
DOC0026,Cardiology,BR006,55,Vasudha,Kanda,34.38
DOC0027,Gynecology,BR009,81,Upasna,Sura,50.62
DOC0028,General Medicine,BR006,59,Daksh,Dave,36.88
DOC0029,Cardiology,BR010,47,Krishna,Lata,29.38
DOC0030,Ophthalmology,BR007,63,Chavvi,Dhillon,39.38
DOC0031,Neurology,BR006,99,Jalsa,Saini,61.88
DOC0032,Cardiology,BR002,53,Aarush,Bhatti,33.12
DOC0033,Oncology,BR004,53,Jagvi,Swaminathan,33.12
DOC0034,Cardiology,BR010,49,Hitesh,Bala,30.63
DOC0035,Ophthalmology,BR008,66,Anirudh,Shankar,41.25
DOC0036,General Medicine,BR004,71,Teerth,Bala,44.38
DOC0037,Dermatology,BR006,47,Anthony,Dube,29.38
DOC0038,ENT,BR007,55,Ati,Borra,34.38
DOC0039,Ophthalmology,BR004,77,Qabil,Agarwal,48.12
DOC0040,General Medicine,BR005,44,Manan,Kadakia,27.5
DOC0041,ENT,BR004,50,Baghyawati,Prashad,31.25
DOC0042,General Medicine,BR009,55,Eshana,Kala,34.38
DOC0043,Dermatology,BR006,45,Michael,Cherian,28.12
DOC0044,Oncology,BR001,59,Madhavi,Chaudhary,36.88
DOC0045,Gynecology,BR004,81,Krishna,Goswami,50.62
DOC0046,Oncology,BR001,55,Guneet,Rattan,34.38
DOC0047,General Medicine,BR007,58,Faqid,Sane,36.25
DOC0048,Pediatrics,BR009,76,Ishwar,Mall,47.5
DOC0049,Cardiology,BR005,60,Pranit,Raja,37.5
DOC0050,Orthopedics,BR002,48,Vedika,Patil,30.0
DOC0051,Cardiology,BR005,42,Kiaan,Morar,26.25
DOC0052,General Medicine,BR007,50,Andrew,Zacharia,31.25
DOC0053,General Medicine,BR001,72,Hiral,Sibal,45.0
DOC0054,Oncology,BR010,50,Oliver,Karnik,31.25
DOC0055,Pediatrics,BR002,67,Simon,Narain,41.88
DOC0056,Dental,BR002,54,Bhavya,Bose,33.75
DOC0057,Orthopedics,BR004,50,Reva,Kumar,31.25
DOC0058,Ophthalmology,BR006,85,Yoshita,Wason,53.12
DOC0059,Dermatology,BR007,51,Oeshi,Dugal,31.87
DOC0060,Cardiology,BR010,69,Watika,Dhillon,43.12
DOC0061,Cardiology,BR003,58,Samaksh,Karnik,36.25
DOC0062,Cardiology,BR006,60,Vansha,Narayan,37.5
DOC0063,Pediatrics,BR001,59,Meghana,Hans,36.88
DOC0064,ENT,BR003,40,Jatin,Narain,25.0
DOC0065,Orthopedics,BR005,49,Yachana,Kuruvilla,30.63
DOC0066,General Medicine,BR006,74,Andrew,Bawa,46.25
DOC0067,ENT,BR001,46,Girindra,Mander,28.75
DOC0068,Oncology,BR004,56,Aarush,Nayar,35.0
DOC0069,ENT,BR002,47,Adya,Kale,29.38
DOC0070,Cardiology,BR007,56,Advik,Upadhyay,35.0
DOC0071,Pediatrics,BR002,70,Shivansh,Sehgal,43.75
DOC0072,General Medicine,BR008,66,Vrinda,Dugal,41.25
DOC0073,Neurology,BR008,108,Panini,Sem,67.5
DOC0074,Psychiatry,BR002,160,Kamala,Oommen,100.0
DOC0075,ENT,BR007,44,Meghana,Swaminathan,27.5
DOC0076,Pediatrics,BR005,63,Yashica,Rastogi,39.38
DOC0077,General Medicine,BR007,67,Ubika,Luthra,41.88
DOC0078,Gynecology,BR002,74,Bhavani,Raval,46.25
DOC0079,Pediatrics,BR008,78,Ekavir,Nori,48.75
DOC0080,Cardiology,BR002,49,Chakradev,Som,30.63
DOC0081,General Medicine,BR001,46,Farhan,Bhatti,28.75
DOC0082,Gynecology,BR008,70,Yachana,Baral,43.75
DOC0083,Cardiology,BR009,48,Tanish,Venkatesh,30.0
DOC0084,Gynecology,BR010,71,Ranbir,Sengupta,44.38
DOC0085,Orthopedics,BR007,49,Rajeshri,Sachdev,30.63
DOC0086,General Medicine,BR008,55,Banjeet,Mital,34.38
DOC0087,Orthopedics,BR005,55,Waida,Magar,34.38
DOC0088,Dental,BR005,51,Ekansh,Tata,31.87
DOC0089,General Medicine,BR002,51,Reyansh,Gade,31.87
DOC0090,Cardiology,BR009,58,Fitan,Dash,36.25
DOC0091,Pediatrics,BR004,64,Siddharth,Sen,40.0
DOC0092,Dental,BR004,40,Kai,Barman,25.0
DOC0093,ENT,BR001,52,Girik,Kant,32.5
DOC0094,General Medicine,BR002,54,Max,Srivastava,33.75
DOC0095,General Medicine,BR005,54,Wazir,Minhas,33.75
DOC0096,Gynecology,BR001,63,Darsh,Mangat,39.38
DOC0097,Orthopedics,BR007,37,Raagini,Palla,23.12
DOC0098,General Medicine,BR009,63,Warinder,Sharaf,39.38
DOC0099,ENT,BR001,40,Diya,Boase,25.0
DOC0100,Dental,BR006,54,Shaurya,Dewan,33.75
DOC0101,General Medicine,BR008,60,Ikbal,Chandra,37.5
DOC0102,Dental,BR005,40,Wakeeta,Borra,25.0
DOC0103,Dental,BR002,60,Sachi,Rege,37.5
DOC0104,Pediatrics,BR003,74,Jai,Khosla,46.25
DOC0105,Orthopedics,BR009,55,Pranit,Dhar,34.38
DOC0106,General Medicine,BR008,48,Qarin,Sheth,30.0
DOC0107,Orthopedics,BR009,61,Eesha,Patla,38.12
DOC0108,Dermatology,BR006,51,Panini,Bandi,31.87
DOC0109,Pediatrics,BR006,74,Faris,De,46.25
DOC0110,Gynecology,BR003,62,Yasti,Natt,38.75
DOC0111,Orthopedics,BR009,50,Wakeeta,Raval,31.25
DOC0112,General Medicine,BR002,54,Anusha,Jain,33.75
DOC0113,Cardiology,BR010,54,Idika,Hans,33.75
DOC0114,Ophthalmology,BR009,76,Januja,Mohan,47.5
DOC0115,Pediatrics,BR006,61,Bina,Madan,38.12
DOC0116,Cardiology,BR009,43,Ishaan,Raghavan,26.88
DOC0117,Gynecology,BR001,78,Urvashi,Ramakrishnan,48.75
DOC0118,General Medicine,BR001,83,Bachittar,Gopal,51.88
DOC0119,Pediatrics,BR007,63,Harish,Soni,39.38
DOC0120,General Medicine,BR010,55,Omkaar,Tella,34.38
DOC0121,Orthopedics,BR008,41,Viraj,Madan,25.62
DOC0122,ENT,BR003,37,Ekantika,Comar,23.12
DOC0123,Cardiology,BR006,54,Yauvani,Arya,33.75
DOC0124,Cardiology,BR007,46,Tanvi,Sem,28.75
DOC0125,Neurology,BR004,102,Robert,Bose,63.75
DOC0126,General Medicine,BR005,54,Vrishti,Samra,33.75
DOC0127,Orthopedics,BR005,51,Eta,Subramanian,31.87
DOC0128,Dermatology,BR003,46,Jagat,Jhaveri,28.75
DOC0129,Dental,BR006,57,Ekiya,Mohanty,35.62
DOC0130,Pediatrics,BR001,57,Wishi,Mishra,35.62
DOC0131,ENT,BR005,43,Qadim,Sridhar,26.88
DOC0132,Dental,BR001,47,Avni,Taneja,29.38
DOC0133,Cardiology,BR001,50,Falak,Pandit,31.25
DOC0134,General Medicine,BR008,67,Ira,Behl,41.88
DOC0135,Gynecology,BR004,73,Frederick,Chandra,45.62
DOC0136,Cardiology,BR004,40,Vidhi,Suresh,25.0
DOC0137,Cardiology,BR006,55,Kabir,Devan,34.38
DOC0138,Cardiology,BR003,60,Laksh,Dutta,37.5
DOC0139,Oncology,BR010,53,Joshua,Dara,33.12
DOC0140,Ophthalmology,BR004,79,Darpan,Dara,49.38
DOC0141,General Medicine,BR010,54,Joshua,Bhatt,33.75
DOC0142,Orthopedics,BR003,46,Osha,Kota,28.75
DOC0143,ENT,BR001,57,Isaac,Gara,35.62
DOC0144,Gynecology,BR005,71,Manthan,Din,44.38
DOC0145,Dental,BR010,50,Dipta,Prakash,31.25
DOC0146,Orthopedics,BR004,53,Diya,Jani,33.12
DOC0147,General Medicine,BR002,47,Bhavini,De,29.38
DOC0148,Orthopedics,BR006,44,Vrishti,Loke,27.5
DOC0149,ENT,BR003,50,Tejas,Kaul,31.25
DOC0150,Pediatrics,BR003,63,Alexander,Om,39.38
DOC0151,Gynecology,BR004,71,Yutika,Puri,44.38
DOC0152,Psychiatry,BR001,152,Daksha,Nanda,95.0
DOC0153,Psychiatry,BR008,139,Jeremiah,Hayre,86.88
DOC0154,Dental,BR004,57,Daksh,Palan,35.62
DOC0155,Cardiology,BR005,49,Jagdish,Jha,30.63
DOC0156,Orthopedics,BR003,50,Ryan,Soman,31.25
DOC0157,Cardiology,BR006,38,Qasim,Walla,23.75
DOC0158,Gynecology,BR006,64,Udarsh,Kala,40.0
DOC0159,General Medicine,BR004,62,Charita,Narayan,38.75
DOC0160,Cardiology,BR003,63,Gaurangi,Banerjee,39.38
DOC0161,Dermatology,BR001,56,Laban,Kannan,35.0
DOC0162,Gynecology,BR002,60,Chaaya,Gade,37.5
DOC0163,Ophthalmology,BR001,63,Yatin,Bhalla,39.38
DOC0164,General Medicine,BR007,48,Liam,Sha,30.0
DOC0165,General Medicine,BR008,44,Eta,Kaul,27.5
DOC0166,Pediatrics,BR006,81,Tanvi,Varkey,50.62
DOC0167,Orthopedics,BR005,50,Arjun,Krishnan,31.25
DOC0168,General Medicine,BR004,55,Wazir,Pathak,34.38
DOC0169,Neurology,BR001,93,Jeremiah,Dayal,58.13
DOC0170,ENT,BR001,51,Widisha,Vohra,31.87
DOC0171,Cardiology,BR005,72,Kalpit,Halder,45.0
DOC0172,Cardiology,BR009,40,Azaan,Pillai,25.0
DOC0173,Pediatrics,BR006,75,Vihaan,Kanda,46.88
DOC0174,General Medicine,BR003,69,Girindra,Koshy,43.12
DOC0175,Orthopedics,BR001,53,Guneet,Kade,33.12
DOC0176,Oncology,BR002,58,Omkaar,Thakur,36.25
DOC0177,Ophthalmology,BR010,79,Tripti,Sura,49.38
DOC0178,Dental,BR008,48,Shivani,Memon,30.0
DOC0179,Orthopedics,BR001,56,Darika,Dhaliwal,35.0
DOC0180,ENT,BR008,51,Jagdish,Uppal,31.87
DOC0181,Oncology,BR010,48,Lopa,Chopra,30.0
DOC0182,Pediatrics,BR010,62,Hritik,Chaudhry,38.75
DOC0183,Orthopedics,BR010,43,Raksha,Sunder,26.88
DOC0184,Orthopedics,BR008,52,Januja,Tripathi,32.5
DOC0185,Neurology,BR009,92,Nikita,Buch,57.5
DOC0186,Gynecology,BR003,66,Kabir,Palla,41.25
DOC0187,Pediatrics,BR006,75,Rajata,Kapadia,46.88
DOC0188,Neurology,BR003,111,Kala,Madan,69.38
DOC0189,Dermatology,BR005,48,Netra,Naidu,30.0
DOC0190,Orthopedics,BR005,60,Amruta,Gopal,37.5
DOC0191,ENT,BR002,36,Irya,Wable,22.5
DOC0192,Gynecology,BR004,84,Charles,Tailor,52.5
DOC0193,Orthopedics,BR010,46,Jagvi,Peri,28.75
DOC0194,General Medicine,BR001,67,Karan,Minhas,41.88
DOC0195,Orthopedics,BR006,65,Benjamin,Om,40.62
DOC0196,ENT,BR003,45,Onkar,Baria,28.12
DOC0197,Cardiology,BR001,62,Finn,Gulati,38.75
DOC0198,General Medicine,BR003,55,Kalpit,Dugar,34.38
DOC0199,General Medicine,BR008,62,Om,Bahri,38.75
DOC0200,Dermatology,BR008,67,Eta,Bhattacharyya,41.88
DOC0201,Ophthalmology,BR010,86,Aishani,Dass,53.75
DOC0202,General Medicine,BR008,49,Xiti,Comar,30.63
DOC0203,ENT,BR009,40,Yachana,Handa,25.0
DOC0204,Dental,BR002,61,Sai,Thakkar,38.12
DOC0205,Orthopedics,BR007,46,Varsha,Pall,28.75
DOC0206,Dental,BR008,50,Nimrat,Atwal,31.25
DOC0207,General Medicine,BR010,60,Aishani,Wagle,37.5
DOC0208,General Medicine,BR010,57,Manbir,Mani,35.62
DOC0209,Pediatrics,BR002,70,Ishani,Bala,43.75
DOC0210,General Medicine,BR004,62,Meghana,Saini,38.75
DOC0211,Cardiology,BR002,56,Rajeshri,Raman,35.0
DOC0212,Cardiology,BR005,51,Yashica,Chandran,31.87
DOC0213,Dermatology,BR005,52,Raagini,Munshi,32.5
DOC0214,Orthopedics,BR010,51,Alexander,Sinha,31.87
DOC0215,Pediatrics,BR010,80,Ekapad,Grewal,50.0
DOC0216,General Medicine,BR010,40,Vritti,Bhargava,25.0
DOC0217,Gynecology,BR007,78,Maanas,Chopra,48.75
DOC0218,Neurology,BR002,98,Ronith,Handa,61.25
DOC0219,Orthopedics,BR009,49,Vrishti,Dyal,30.63
DOC0220,General Medicine,BR001,65,Jagvi,Bera,40.62
DOC0221,ENT,BR010,46,Damini,Som,28.75
DOC0222,General Medicine,BR009,58,Dayamai,Bandi,36.25
DOC0223,Pediatrics,BR002,61,Dev,Swaminathan,38.12
DOC0224,General Medicine,BR004,56,Advaith,Kohli,35.0
DOC0225,General Medicine,BR001,71,Indrajit,Bora,44.38
DOC0226,Dermatology,BR010,60,Xavier,Lad,37.5
DOC0227,ENT,BR004,44,Wyatt,Mannan,27.5
DOC0228,Oncology,BR002,44,Warhi,Kothari,27.5
DOC0229,Cardiology,BR003,45,Reyansh,Ray,28.12
DOC0230,Cardiology,BR010,55,Ekta,Pingle,34.38
DOC0231,General Medicine,BR002,77,Ekalinga,Kumar,48.12
DOC0232,General Medicine,BR004,60,Tara,Kant,37.5
DOC0233,Pediatrics,BR003,77,Om,Wagle,48.12
DOC0234,Pediatrics,BR002,49,Zaid,Nadig,30.63
DOC0235,Dermatology,BR006,54,Advay,Shetty,33.75
DOC0236,General Medicine,BR008,72,Wazir,Desai,45.0
DOC0237,Gynecology,BR004,69,Siya,Parmar,43.12
DOC0238,General Medicine,BR004,68,Neelima,Madan,42.5
DOC0239,ENT,BR005,53,Tanay,Dar,33.12
DOC0240,Orthopedics,BR004,53,Jonathan,Pall,33.12
DOC0241,Dermatology,BR004,59,Upadhriti,Oza,36.88
DOC0242,Orthopedics,BR001,40,Aashi,Lata,25.0
DOC0243,General Medicine,BR007,53,Forum,Sheth,33.12
DOC0244,General Medicine,BR006,60,Inaya,Seshadri,37.5
DOC0245,General Medicine,BR010,61,Sanya,Tak,38.12
DOC0246,Ophthalmology,BR010,65,Divya,D’Alia,40.62
DOC0247,Cardiology,BR010,59,Yochana,Choudhry,36.88
DOC0248,General Medicine,BR009,57,Warda,Virk,35.62
DOC0249,Cardiology,BR008,51,Irya,Shah,31.87
DOC0250,Dermatology,BR007,58,Anusha,Singh,36.25
